{
    "age": 26,
    "region": {
        "x": 0,
        "y": 0,
        "w": 66,
        "h": 66
    },
    "gender": "Man",
    "emotion": {
        "angry": 1.6043863284222084,
        "disgust": 6.270831623592331e-05,
        "fear": 0.018555194779795097,
        "happy": 0.03209139877357475,
        "sad": 2.0082316627044476,
        "surprise": 0.00902163064096529,
        "neutral": 96.32765032813849
    },
    "dominant_emotion": "neutral"
}